epoch,hard_loss,loss,val_hard_loss,val_loss
0,1.7770326137542725,7.955033302307129,0.7633827328681946,4.966075420379639
1,0.9341623783111572,4.408155918121338,0.3798661231994629,7.854248523712158
2,0.7390697598457336,3.2470057010650635,0.3864787817001343,7.142324924468994
3,0.5639713406562805,2.6203858852386475,0.2466827929019928,8.653351783752441
4,0.428657203912735,2.218768358230591,0.2728724479675293,8.05488109588623
5,0.30584436655044556,1.834651231765747,0.18850663304328918,9.773406982421875
6,0.23929093778133392,1.607017993927002,0.18880611658096313,9.804628372192383
7,0.20751896500587463,1.4931303262710571,0.1877807378768921,9.465534210205078
8,0.17735809087753296,1.3578482866287231,0.21803468465805054,8.313316345214844
9,0.1539168357849121,1.2542306184768677,0.2522234320640564,9.266936302185059
10,0.1396552324295044,1.2139997482299805,0.19691479206085205,9.740772247314453
11,0.1297272890806198,1.1426769495010376,0.18438588082790375,9.141411781311035
12,0.10810351371765137,1.0562376976013184,0.1895420104265213,9.79904842376709
13,0.10308775305747986,1.0306545495986938,0.20557118952274323,10.54290771484375
14,0.10186226665973663,0.9969016909599304,0.1863875389099121,9.386031150817871
15,0.08562158793210983,0.9159079194068909,0.15826494991779327,9.804987907409668
16,0.0875849649310112,0.9165467023849487,0.1660449504852295,8.53061580657959
17,0.07954886555671692,0.8593500852584839,0.1534726768732071,9.8455228805542
18,0.08018137514591217,0.8443973064422607,0.16917255520820618,9.695317268371582
19,0.08701645582914352,0.852002739906311,0.15299320220947266,9.002145767211914
20,0.06863148510456085,0.7715818285942078,0.15105082094669342,9.626643180847168
21,0.07319235801696777,0.7853774428367615,0.13149142265319824,9.38366413116455
22,0.06137832626700401,0.7315704226493835,0.1438424289226532,9.506951332092285
23,0.06563899666070938,0.73818039894104,0.1479623019695282,9.082786560058594
24,0.0587182343006134,0.7006494998931885,0.13490520417690277,9.594144821166992
